{
  "AFG": {
    "name": "Afghanistan",
    "capital": "Kabul",
    "lat": 34.5553,
    "lon": 69.2075
  },
  "ALB": {
    "name": "Albania",
    "capital": "Tirana",
    "lat": 41.3275,
    "lon": 19.8189
  },
  "DZA": {
    "name": "Algeria",
    "capital": "Algiers",
    "lat": 36.7761,
    "lon": 3.0582
  },
  "ASM": {
    "name": "American Samoa",
    "capital": "Pago Pago",
    "lat": -14.2781,
    "lon": -170.7028
  },
  "AND": {
    "name": "Andorra",
    "capital": "Andorra la Vella",
    "lat": 42.5063,
    "lon": 1.5218
  },
  "AGO": {
    "name": "Angola",
    "capital": "Luanda",
    "lat": -8.8390,
    "lon": 13.2897
  },
  "AIA": {
    "name": "Anguilla",
    "capital": "The Valley",
    "lat": 18.2170,
    "lon": -63.0574
  },
  "ATG": {
    "name": "Antigua and Barbuda",
    "capital": "Saint John's",
    "lat": 17.1175,
    "lon": -61.8456
  },
  "ARG": {
    "name": "Argentina",
    "capital": "Buenos Aires",
    "lat": -34.6118,
    "lon": -58.3965
  },
  "ARM": {
    "name": "Armenia",
    "capital": "Yerevan",
    "lat": 40.1811,
    "lon": 44.5136
  },
  "ABW": {
    "name": "Aruba",
    "capital": "Oranjestad",
    "lat": 12.5196,
    "lon": -70.0403
  },
  "AUS": {
    "name": "Australia",
    "capital": "Canberra",
    "lat": -35.2809,
    "lon": 149.1300
  },
  "AUT": {
    "name": "Austria",
    "capital": "Vienna",
    "lat": 48.2082,
    "lon": 16.3738
  },
  "AZE": {
    "name": "Azerbaijan",
    "capital": "Baku",
    "lat": 40.4093,
    "lon": 49.8671
  },
  "BHS": {
    "name": "Bahamas",
    "capital": "Nassau",
    "lat": 25.0343,
    "lon": -77.3963
  },
  "BHR": {
    "name": "Bahrain",
    "capital": "Manama",
    "lat": 26.2235,
    "lon": 50.5876
  },
  "BGD": {
    "name": "Bangladesh",
    "capital": "Dhaka",
    "lat": 23.8103,
    "lon": 90.4125
  },
  "BRB": {
    "name": "Barbados",
    "capital": "Bridgetown",
    "lat": 13.1000,
    "lon": -59.6167
  },
  "BLR": {
    "name": "Belarus",
    "capital": "Minsk",
    "lat": 53.9006,
    "lon": 27.5590
  },
  "BEL": {
    "name": "Belgium",
    "capital": "Brussels",
    "lat": 50.8503,
    "lon": 4.3517
  },
  "BLZ": {
    "name": "Belize",
    "capital": "Belmopan",
    "lat": 17.2500,
    "lon": -88.7667
  },
  "BEN": {
    "name": "Benin",
    "capital": "Porto-Novo",
    "lat": 6.4964,
    "lon": 2.6036
  },
  "BTM": {
    "name": "Bermuda",
    "capital": "Hamilton",
    "lat": 32.2949,
    "lon": -64.7815
  },
  "BTN": {
    "name": "Bhutan",
    "capital": "Thimphu",
    "lat": 27.4728,
    "lon": 89.6390
  },
  "BOL": {
    "name": "Bolivia",
    "capital": "Sucre",
    "lat": -19.0421,
    "lon": -65.2592
  },
  "BES": {
    "name": "Bonaire, Sint Eustatius and Saba",
    "capital": "Kralendijk",
    "lat": 12.1500,
    "lon": -68.2667
  },
  "BIH": {
    "name": "Bosnia and Herzegovina",
    "capital": "Sarajevo",
    "lat": 43.8563,
    "lon": 18.4131
  },
  "BWA": {
    "name": "Botswana",
    "capital": "Gaborone",
    "lat": -24.6285,
    "lon": 25.9239
  },
  "BVT": {
    "name": "Bouvet Island",
    "capital": "",
    "lat": -54.4333,
    "lon": 3.4132
  },
  "BRA": {
    "name": "Brazil",
    "capital": "Brasília",
    "lat": -15.8267,
    "lon": -47.9218
  },
  "IOT": {
    "name": "British Indian Ocean Territory",
    "capital": "Diego Garcia",
    "lat": -7.3000,
    "lon": 72.4000
  },
  "BRN": {
    "name": "Brunei",
    "capital": "Bandar Seri Begawan",
    "lat": 4.5353,
    "lon": 114.7277
  },
  "BGR": {
    "name": "Bulgaria",
    "capital": "Sofia",
    "lat": 42.6977,
    "lon": 23.3219
  },
  "BFA": {
    "name": "Burkina Faso",
    "capital": "Ouagadougou",
    "lat": 12.3714,
    "lon": -1.5197
  },
  "BDI": {
    "name": "Burundi",
    "capital": "Gitega",
    "lat": -3.4248,
    "lon": 29.7498
  },
  "CPV": {
    "name": "Cabo Verde",
    "capital": "Praia",
    "lat": 14.9333,
    "lon": -23.5133
  },
  "KHM": {
    "name": "Cambodia",
    "capital": "Phnom Penh",
    "lat": 11.5625,
    "lon": 104.9160
  },
  "CMR": {
    "name": "Cameroon",
    "capital": "Yaoundé",
    "lat": 3.8480,
    "lon": 11.5021
  },
  "CAN": {
    "name": "Canada",
    "capital": "Ottawa",
    "lat": 45.4215,
    "lon": -75.6972
  },
  "CYM": {
    "name": "Cayman Islands",
    "capital": "George Town",
    "lat": 19.2869,
    "lon": -81.3673
  },
  "CAF": {
    "name": "Central African Republic",
    "capital": "Bangui",
    "lat": 4.3621,
    "lon": 18.6266
  },
  "TCD": {
    "name": "Chad",
    "capital": "N'Djamena",
    "lat": 12.1067,
    "lon": 15.0443
  },
  "CHL": {
    "name": "Chile",
    "capital": "Santiago",
    "lat": -33.4489,
    "lon": -70.6693
  },
  "CHN": {
    "name": "China",
    "capital": "Beijing",
    "lat": 39.9042,
    "lon": 116.4074
  },
  "CXR": {
    "name": "Christmas Island",
    "capital": "Flying Fish Cove",
    "lat": -10.4230,
    "lon": 105.6858
  },
  "CCK": {
    "name": "Cocos (Keeling) Islands",
    "capital": "West Island",
    "lat": -12.1640,
    "lon": 96.8700
  },
  "COL": {
    "name": "Colombia",
    "capital": "Bogotá",
    "lat": 4.7110,
    "lon": -74.0721
  },
  "COM": {
    "name": "Comoros",
    "capital": "Moroni",
    "lat": -11.7042,
    "lon": 43.2354
  },
  "COK": {
    "name": "Cook Islands",
    "capital": "Avarua",
    "lat": -21.2078,
    "lon": -159.7754
  },
  "CRI": {
    "name": "Costa Rica",
    "capital": "San José",
    "lat": 9.9281,
    "lon": -84.0907
  },
  "CIV": {
    "name": "Côte d'Ivoire",
    "capital": "Yamoussoukro",
    "lat": 6.8388,
    "lon": -5.2893
  },
  "HRV": {
    "name": "Croatia",
    "capital": "Zagreb",
    "lat": 45.8150,
    "lon": 15.9819
  },
  "CUB": {
    "name": "Cuba",
    "capital": "Havana",
    "lat": 23.1136,
    "lon": -82.3666
  },
  "CUW": {
    "name": "Curaçao",
    "capital": "Willemstad",
    "lat": 12.1808,
    "lon": -68.9380
  },
  "CYP": {
    "name": "Cyprus",
    "capital": "Nicosia",
    "lat": 35.1856,
    "lon": 33.3823
  },
  "CZE": {
    "name": "Czechia",
    "capital": "Prague",
    "lat": 50.0755,
    "lon": 14.4378
  },
  "COD": {
    "name": "Democratic Republic of the Congo",
    "capital": "Kinshasa",
    "lat": -4.4419,
    "lon": 15.2663
  },
  "DNK": {
    "name": "Denmark",
    "capital": "Copenhagen",
    "lat": 55.6761,
    "lon": 12.5683
  },
  "DJI": {
    "name": "Djibouti",
    "capital": "Djibouti",
    "lat": 11.8251,
    "lon": 42.5903
  },
  "DMA": {
    "name": "Dominica",
    "capital": "Roseau",
    "lat": 15.2973,
    "lon": -61.3718
  },
  "DOM": {
    "name": "Dominican Republic",
    "capital": "Santo Domingo",
    "lat": 18.4861,
    "lon": -69.9312
  },
  "ECU": {
    "name": "Ecuador",
    "capital": "Quito",
    "lat": -0.1807,
    "lon": -78.4678
  },
  "EGY": {
    "name": "Egypt",
    "capital": "Cairo",
    "lat": 30.0444,
    "lon": 31.2357
  },
  "SLV": {
    "name": "El Salvador",
    "capital": "San Salvador",
    "lat": 13.6894,
    "lon": -89.1872
  },
  "GNQ": {
    "name": "Equatorial Guinea",
    "capital": "Malabo",
    "lat": 3.7554,
    "lon": 8.7814
  },
  "ERI": {
    "name": "Eritrea",
    "capital": "Asmara",
    "lat": 15.3229,
    "lon": 38.9251
  },
  "EST": {
    "name": "Estonia",
    "capital": "Tallinn",
    "lat": 59.4370,
    "lon": 24.7535
  },
  "SWZ": {
    "name": "Eswatini",
    "capital": "Mbabane",
    "lat": -26.3167,
    "lon": 31.1333
  },
  "ETH": {
    "name": "Ethiopia",
    "capital": "Addis Ababa",
    "lat": 9.1450,
    "lon": 40.4897
  },
  "FLK": {
    "name": "Falkland Islands",
    "capital": "Stanley",
    "lat": -51.7963,
    "lon": -59.5236
  },
  "FRO": {
    "name": "Faroe Islands",
    "capital": "Tórshavn",
    "lat": 62.0097,
    "lon": -6.7760
  },
  "FJI": {
    "name": "Fiji",
    "capital": "Suva",
    "lat": -18.1248,
    "lon": 178.4504
  },
  "FIN": {
    "name": "Finland",
    "capital": "Helsinki",
    "lat": 60.1699,
    "lon": 24.9384
  },
  "FRA": {
    "name": "France",
    "capital": "Paris",
    "lat": 48.8566,
    "lon": 2.3522
  },
  "GUF": {
    "name": "French Guiana",
    "capital": "Cayenne",
    "lat": 4.9225,
    "lon": -52.3151
  },
  "PYF": {
    "name": "French Polynesia",
    "capital": "Papeetē",
    "lat": -17.5501,
    "lon": -149.4063
  },
  "ATF": {
    "name": "French Southern Territories",
    "capital": "",
    "lat": -49.2804,
    "lon": 69.3486
  },
  "GAB": {
    "name": "Gabon",
    "capital": "Libreville",
    "lat": 0.4162,
    "lon": 9.4673
  },
  "GMB": {
    "name": "Gambia",
    "capital": "Banjul",
    "lat": 13.4429,
    "lon": -16.5775
  },
  "GEO": {
    "name": "Georgia",
    "capital": "Tbilisi",
    "lat": 41.7151,
    "lon": 44.8271
  },
  "DEU": {
    "name": "Germany",
    "capital": "Berlin",
    "lat": 52.5200,
    "lon": 13.4050
  },
  "GHA": {
    "name": "Ghana",
    "capital": "Accra",
    "lat": 5.6037,
    "lon": -0.1870
  },
  "GIB": {
    "name": "Gibraltar",
    "capital": "Gibraltar",
    "lat": 36.1408,
    "lon": -5.3536
  },
  "GRC": {
    "name": "Greece",
    "capital": "Athens",
    "lat": 37.9838,
    "lon": 23.7275
  },
  "GRL": {
    "name": "Greenland",
    "capital": "Nuuk",
    "lat": 64.2004,
    "lon": -51.6940
  },
  "GRD": {
    "name": "Grenada",
    "capital": "St. George's",
    "lat": 12.0032,
    "lon": -61.7514
  },
  "GLP": {
    "name": "Guadeloupe",
    "capital": "Basse-Terre",
    "lat": 16.0120,
    "lon": -60.9500
  },
  "GUM": {
    "name": "Guam",
    "capital": "Hagåtña",
    "lat": 13.4759,
    "lon": 144.7503
  },
  "GTM": {
    "name": "Guatemala",
    "capital": "Guatemala City",
    "lat": 14.6349,
    "lon": -90.5069
  },
  "GGY": {
    "name": "Guernsey",
    "capital": "St. Peter Port",
    "lat": 49.4593,
    "lon": -2.5353
  },
  "GIN": {
    "name": "Guinea",
    "capital": "Conakry",
    "lat": 9.5554,
    "lon": -13.6773
  },
  "GNB": {
    "name": "Guinea-Bissau",
    "capital": "Bissau",
    "lat": 11.8926,
    "lon": -15.5988
  },
  "GUY": {
    "name": "Guyana",
    "capital": "Georgetown",
    "lat": 6.8013,
    "lon": -58.1551
  },
  "HTI": {
    "name": "Haiti",
    "capital": "Port-au-Prince",
    "lat": 18.5941,
    "lon": -72.3078
  },
  "HMD": {
    "name": "Heard Island and McDonald Islands",
    "capital": "",
    "lat": -53.0818,
    "lon": 73.5090
  },
  "VAT": {
    "name": "Holy See",
    "capital": "Vatican City",
    "lat": 41.9029,
    "lon": 12.4534
  },
  "HND": {
    "name": "Honduras",
    "capital": "Tegucigalpa",
    "lat": 14.0818,
    "lon": -87.2068
  },
  "HKG": {
    "name": "Hong Kong",
    "capital": "Hong Kong",
    "lat": 22.3193,
    "lon": 114.1694
  },
  "HUN": {
    "name": "Hungary",
    "capital": "Budapest",
    "lat": 47.4979,
    "lon": 19.0402
  },
  "ISL": {
    "name": "Iceland",
    "capital": "Reykjavík",
    "lat": 64.1466,
    "lon": -21.9426
  },
  "IND": {
    "name": "India",
    "capital": "New Delhi",
    "lat": 28.6139,
    "lon": 77.2090
  },
  "IDN": {
    "name": "Indonesia",
    "capital": "Jakarta",
    "lat": -6.2088,
    "lon": 106.8456
  },
  "IRN": {
    "name": "Iran",
    "capital": "Tehran",
    "lat": 35.6892,
    "lon": 51.3890
  },
  "IRQ": {
    "name": "Iraq",
    "capital": "Baghdad",
    "lat": 33.3152,
    "lon": 44.3661
  },
  "IRL": {
    "name": "Ireland",
    "capital": "Dublin",
    "lat": 53.3498,
    "lon": -6.2603
  },
  "IMN": {
    "name": "Isle of Man",
    "capital": "Douglas",
    "lat": 54.1521,
    "lon": -4.4844
  },
  "ISR": {
    "name": "Israel",
    "capital": "Jerusalem",
    "lat": 31.7683,
    "lon": 35.2137
  },
  "ITA": {
    "name": "Italy",
    "capital": "Rome",
    "lat": 41.9028,
    "lon": 12.4964
  },
  "JAM": {
    "name": "Jamaica",
    "capital": "Kingston",
    "lat": 17.9780,
    "lon": -76.8099
  },
  "JPN": {
    "name": "Japan",
    "capital": "Tokyo",
    "lat": 35.6895,
    "lon": 139.6917
  },
  "JEY": {
    "name": "Jersey",
    "capital": "Saint Helier",
    "lat": 49.1899,
    "lon": -2.1074
  },
  "JOR": {
    "name": "Jordan",
    "capital": "Amman",
    "lat": 31.9515,
    "lon": 35.9349
  },
  "KAZ": {
    "name": "Kazakhstan",
    "capital": "Astana",
    "lat": 51.1694,
    "lon": 71.4491
  },
  "KEN": {
    "name": "Kenya",
    "capital": "Nairobi",
    "lat": -1.2921,
    "lon": 36.8219
  },
  "KIR": {
    "name": "Kiribati",
    "capital": "Tarawa",
    "lat": 1.4167,
    "lon": 173.0000
  },
  "PRK": {
    "name": "North Korea",
    "capital": "Pyongyang",
    "lat": 39.0392,
    "lon": 125.7625
  },
  "KOR": {
    "name": "South Korea",
    "capital": "Seoul",
    "lat": 37.5665,
    "lon": 126.9780
  },
  "KWT": {
    "name": "Kuwait",
    "capital": "Kuwait City",
    "lat": 29.3759,
    "lon": 47.9774
  },
  "KGZ": {
    "name": "Kyrgyzstan",
    "capital": "Bishkek",
    "lat": 42.8746,
    "lon": 74.5698
  },
  "LAO": {
    "name": "Laos",
    "capital": "Vientiane",
    "lat": 17.9757,
    "lon": 102.6331
  },
  "LVA": {
    "name": "Latvia",
    "capital": "Riga",
    "lat": 56.9496,
    "lon": 24.1052
  },
  "LBN": {
    "name": "Lebanon",
    "capital": "Beirut",
    "lat": 33.8938,
    "lon": 35.5018
  },
  "LSO": {
    "name": "Lesotho",
    "capital": "Maseru",
    "lat": -29.3200,
    "lon": 27.4800
  },
  "LBR": {
    "name": "Liberia",
    "capital": "Monrovia",
    "lat": 6.3156,
    "lon": -10.8074
  },
  "LBY": {
    "name": "Libya",
    "capital": "Tripoli",
    "lat": 32.8876,
    "lon": 13.1913
  },
  "LIE": {
    "name": "Liechtenstein",
    "capital": "Vaduz",
    "lat": 47.1410,
    "lon": 9.5209
  },
  "LTU": {
    "name": "Lithuania",
    "capital": "Vilnius",
    "lat": 54.6872,
    "lon": 25.2797
  },
  "LUX": {
    "name": "Luxembourg",
    "capital": "Luxembourg",
    "lat": 49.6116,
    "lon": 6.1319
  },
  "MAC": {
    "name": "Macao",
    "capital": "Macao",
    "lat": 22.1987,
    "lon": 113.5439
  },
  "MDG": {
    "name": "Madagascar",
    "capital": "Antananarivo",
    "lat": -18.8792,
    "lon": 47.5079
  },
  "MWI": {
    "name": "Malawi",
    "capital": "Lilongwe",
    "lat": -13.9626,
    "lon": 33.7741
  },
  "MYS": {
    "name": "Malaysia",
    "capital": "Kuala Lumpur",
    "lat": 3.1390,
    "lon": 101.6869
  },
  "MDV": {
    "name": "Maldives",
    "capital": "Malé",
    "lat": 4.1755,
    "lon": 73.5093
  },
  "MLI": {
    "name": "Mali",
    "capital": "Bamako",
    "lat": 12.6392,
    "lon": -8.0029
  },
  "MLT": {
    "name": "Malta",
    "capital": "Valletta",
    "lat": 35.8997,
    "lon": 14.5128
  },
  "MHL": {
    "name": "Marshall Islands",
    "capital": "Majuro",
    "lat": 7.1315,
    "lon": 171.1845
  },
  "MTQ": {
    "name": "Martinique",
    "capital": "Fort-de-France",
    "lat": 14.6007,
    "lon": -61.1882
  },
  "MRT": {
    "name": "Mauritania",
    "capital": "Nouakchott",
    "lat": 18.0735,
    "lon": -15.9582
  },
  "MUS": {
    "name": "Mauritius",
    "capital": "Port Louis",
    "lat": -20.1600,
    "lon": 57.5000
  },
  "MYT": {
    "name": "Mayotte",
    "capital": "Mamoudzou",
    "lat": -12.8275,
    "lon": 45.1662
  },
  "MEX": {
    "name": "Mexico",
    "capital": "Mexico City",
    "lat": 19.4326,
    "lon": -99.1332
  },
  "FSM": {
    "name": "Micronesia",
    "capital": "Palikir",
    "lat": 6.9173,
    "lon": 158.1614
  },
  "MDA": {
    "name": "Moldova",
    "capital": "Chișinău",
    "lat": 47.0105,
    "lon": 28.8638
  },
  "MCO": {
    "name": "Monaco",
    "capital": "Monaco",
    "lat": 43.7384,
    "lon": 7.4246
  },
  "MNG": {
    "name": "Mongolia",
    "capital": "Ulaanbaatar",
    "lat": 47.8864,
    "lon": 106.9057
  },
  "MNE": {
    "name": "Montenegro",
    "capital": "Podgorica",
    "lat": 42.7087,
    "lon": 19.3740
  },
  "MSR": {
    "name": "Montserrat",
    "capital": "Plymouth",
    "lat": 16.7254,
    "lon": -62.1874
  },
  "MAR": {
    "name": "Morocco",
    "capital": "Rabat",
    "lat": 34.0209,
    "lon": -6.8416
  },
  "MOZ": {
    "name": "Mozambique",
    "capital": "Maputo",
    "lat": -25.9667,
    "lon": 32.5892
  },
  "MMR": {
    "name": "Myanmar",
    "capital": "Naypyidaw",
    "lat": 19.7633,
    "lon": 96.0785
  },
  "NAM": {
    "name": "Namibia",
    "capital": "Windhoek",
    "lat": -22.5609,
    "lon": 17.0658
  },
  "NRU": {
    "name": "Nauru",
    "capital": "Yaren",
    "lat": -0.5228,
    "lon": 166.9315
  },
  "NPL": {
    "name": "Nepal",
    "capital": "Kathmandu",
    "lat": 27.7172,
    "lon": 85.3240
  },
  "NLD": {
    "name": "Netherlands",
    "capital": "Amsterdam",
    "lat": 52.3676,
    "lon": 4.9041
  },
  "NCL": {
    "name": "New Caledonia",
    "capital": "Nouméa",
    "lat": -22.2758,
    "lon": 166.4602
  },
  "NZL": {
    "name": "New Zealand",
    "capital": "Wellington",
    "lat": -41.2865,
    "lon": 174.7762
  },
  "NIC": {
    "name": "Nicaragua",
    "capital": "Managua",
    "lat": 12.1149,
    "lon": -86.2362
  },
  "NER": {
    "name": "Niger",
    "capital": "Niamey",
    "lat": 13.5116,
    "lon": 2.1254
  },
  "NGA": {
    "name": "Nigeria",
    "capital": "Abuja",
    "lat": 9.0579,
    "lon": 7.4951
  },
  "NIU": {
    "name": "Niue",
    "capital": "Alofi",
    "lat": -19.0544,
    "lon": -169.8672
  },
  "NFK": {
    "name": "Norfolk Island",
    "capital": "Kingston",
    "lat": -29.0550,
    "lon": 167.9547
  },
  "MNP": {
    "name": "Northern Mariana Islands",
    "capital": "Saipan",
    "lat": 15.1852,
    "lon": 145.7534
  },
  "NOR": {
    "name": "Norway",
    "capital": "Oslo",
    "lat": 59.9139,
    "lon": 10.7522
  },
  "OMN": {
    "name": "Oman",
    "capital": "Muscat",
    "lat": 23.5859,
    "lon": 58.4059
  },
  "PAK": {
    "name": "Pakistan",
    "capital": "Islamabad",
    "lat": 33.6844,
    "lon": 73.0479
  },
  "PLW": {
    "name": "Palau",
    "capital": "Ngerulmud",
    "lat": 7.5147,
    "lon": 134.6263
  },
  "PSE": {
    "name": "Palestine",
    "capital": "Ramallah",
    "lat": 31.8980,
    "lon": 35.2042
  },
  "PAN": {
    "name": "Panama",
    "capital": "Panama City",
    "lat": 8.9824,
    "lon": -79.5199
  },
  "PNG": {
    "name": "Papua New Guinea",
    "capital": "Port Moresby",
    "lat": -9.4438,
    "lon": 147.1803
  },
  "PRY": {
    "name": "Paraguay",
    "capital": "Asunción",
    "lat": -25.2637,
    "lon": -57.5759
  },
  "PER": {
    "name": "Peru",
    "capital": "Lima",
    "lat": -12.0464,
    "lon": -77.0428
  },
  "PHL": {
    "name": "Philippines",
    "capital": "Manila",
    "lat": 14.5995,
    "lon": 120.9842
  },
  "PCN": {
    "name": "Pitcairn",
    "capital": "Adamstown",
    "lat": -25.0667,
    "lon": -130.0833
  },
  "POL": {
    "name": "Poland",
    "capital": "Warsaw",
    "lat": 52.2297,
    "lon": 21.0122
  },
  "PRT": {
    "name": "Portugal",
    "capital": "Lisbon",
    "lat": 38.7223,
    "lon": -9.1393
  },
  "PRI": {
    "name": "Puerto Rico",
    "capital": "San Juan",
    "lat": 18.2208,
    "lon": -66.5901
  },
  "QAT": {
    "name": "Qatar",
    "capital": "Doha",
    "lat": 25.2854,
    "lon": 51.5310
  },
  "MKD": {
    "name": "North Macedonia",
    "capital": "Skopje",
    "lat": 41.9973,
    "lon": 21.4280
  },
  "ROU": {
    "name": "Romania",
    "capital": "Bucharest",
    "lat": 44.4268,
    "lon": 26.1025
  },
  "RUS": {
    "name": "Russia",
    "capital": "Moscow",
    "lat": 55.7558,
    "lon": 37.6173
  },
  "RWA": {
    "name": "Rwanda",
    "capital": "Kigali",
    "lat": -1.9441,
    "lon": 30.0619
  },
  "REU": {
    "name": "Réunion",
    "capital": "Saint-Denis",
    "lat": -20.8822,
    "lon": 55.4503
  },
  "BLM": {
    "name": "Saint Barthélemy",
    "capital": "Gustavia",
    "lat": 17.8963,
    "lon": -62.8510
  },
  "SHN": {
    "name": "Saint Helena, Ascension and Tristan da Cunha",
    "capital": "Jamestown",
    "lat": -15.9281,
    "lon": -5.7114
  },
  "KNA": {
    "name": "Saint Kitts and Nevis",
    "capital": "Basseterre",
    "lat": 17.2934,
    "lon": -62.7229
  },
  "LCA": {
    "name": "Saint Lucia",
    "capital": "Castries",
    "lat": 14.0014,
    "lon": -61.0012
  },
  "MAF": {
    "name": "Saint Martin",
    "capital": "Marigot",
    "lat": 18.0731,
    "lon": -63.0820
  },
  "SPM": {
    "name": "Saint Pierre and Miquelon",
    "capital": "Saint-Pierre",
    "lat": 46.7732,
    "lon": -56.1718
  },
  "VCT": {
    "name": "Saint Vincent and the Grenadines",
    "capital": "Kingstown",
    "lat": 13.1667,
    "lon": -61.2333
  },
  "WSM": {
    "name": "Samoa",
    "capital": "Apia",
    "lat": -13.8333,
    "lon": -171.7333
  },
  "SMR": {
    "name": "San Marino",
    "capital": "San Marino",
    "lat": 43.9384,
    "lon": 12.4464
  },
  "STP": {
    "name": "São Tomé and Príncipe",
    "capital": "São Tomé",
    "lat": 0.3333,
    "lon": 6.7333
  },
  "SAU": {
    "name": "Saudi Arabia",
    "capital": "Riyadh",
    "lat": 24.7136,
    "lon": 46.6753
  },
  "SEN": {
    "name": "Senegal",
    "capital": "Dakar",
    "lat": 14.7167,
    "lon": -17.4677
  },
  "SRB": {
    "name": "Serbia",
    "capital": "Belgrade",
    "lat": 44.7866,
    "lon": 20.4489
  },
  "SYC": {
    "name": "Seychelles",
    "capital": "Victoria",
    "lat": -4.6192,
    "lon": 55.4540
  },
  "SLE": {
    "name": "Sierra Leone",
    "capital": "Freetown",
    "lat": 8.4657,
    "lon": -13.2315
  },
  "SGP": {
    "name": "Singapore",
    "capital": "Singapore",
    "lat": 1.3521,
    "lon": 103.8198
  },
  "SXM": {
    "name": "Sint Maarten",
    "capital": "Philipsburg",
    "lat": 18.0255,
    "lon": -63.0428
  },
  "SVK": {
    "name": "Slovakia",
    "capital": "Bratislava",
    "lat": 48.1482,
    "lon": 17.1077
  },
  "SVN": {
    "name": "Slovenia",
    "capital": "Ljubljana",
    "lat": 46.0511,
    "lon": 14.5051
  },
  "SLB": {
    "name": "Solomon Islands",
    "capital": "Honiara",
    "lat": -9.4458,
    "lon": 159.9740
  },
  "SOM": {
    "name": "Somalia",
    "capital": "Mogadishu",
    "lat": 2.0469,
    "lon": 45.3182
  },
  "ZAF": {
    "name": "South Africa",
    "capital": "Pretoria",
    "lat": -25.7463,
    "lon": 28.1881
  },
  "SGS": {
    "name": "South Georgia",
    "capital": "Grytviken",
    "lat": -54.2811,
    "lon": -36.4870
  },
  "SSD": {
    "name": "South Sudan",
    "capital": "Juba",
    "lat": 4.8594,
    "lon": 31.5718
  },
  "ESP": {
    "name": "Spain",
    "capital": "Madrid",
    "lat": 40.4168,
    "lon": -3.7038
  },
  "LKA": {
    "name": "Sri Lanka",
    "capital": "Sri Jayawardenepura Kotte",
    "lat": 6.9271,
    "lon": 79.8612
  },
  "SDN": {
    "name": "Sudan",
    "capital": "Khartoum",
    "lat": 15.5007,
    "lon": 32.5599
  },
  "SUR": {
    "name": "Suriname",
    "capital": "Paramaribo",
    "lat": 5.8520,
    "lon": -55.2038
  },
  "SJM": {
    "name": "Svalbard and Jan Mayen",
    "capital": "Longyearbyen",
    "lat": 78.2232,
    "lon": 15.6477
  },
  "SWE": {
    "name": "Sweden",
    "capital": "Stockholm",
    "lat": 59.3293,
    "lon": 18.0686
  },
  "CHE": {
    "name": "Switzerland",
    "capital": "Bern",
    "lat": 46.9480,
    "lon": 7.4474
  },
  "SYR": {
    "name": "Syria",
    "capital": "Damascus",
    "lat": 33.5138,
    "lon": 36.2765
  },
  "TWN": {
    "name": "Taiwan",
    "capital": "Taipei",
    "lat": 25.0330,
    "lon": 121.5654
  },
  "TJK": {
    "name": "Tajikistan",
    "capital": "Dushanbe",
    "lat": 38.5598,
    "lon": 68.7870
  },
  "TZA": {
    "name": "Tanzania",
    "capital": "Dodoma",
    "lat": -6.1819,
    "lon": 35.7463
  },
  "THA": {
    "name": "Thailand",
    "capital": "Bangkok",
    "lat": 13.7563,
    "lon": 100.5018
  },
  "TLS": {
    "name": "Timor-Leste",
    "capital": "Dili",
    "lat": -8.5585,
    "lon": 125.5737
  },
  "TGO": {
    "name": "Togo",
    "capital": "Lomé",
    "lat": 6.1256,
    "lon": 1.2254
  },
  "TKL": {
    "name": "Tokelau",
    "capital": "Atafu",
    "lat": -8.5582,
    "lon": -172.5086
  },
  "TON": {
    "name": "Tonga",
    "capital": "Nuku'alofa",
    "lat": -21.1333,
    "lon": -175.2000
  },
  "TTO": {
    "name": "Trinidad and Tobago",
    "capital": "Port of Spain",
    "lat": 10.6918,
    "lon": -61.2225
  },
  "TUN": {
    "name": "Tunisia",
    "capital": "Tunis",
    "lat": 36.8065,
    "lon": 10.1815
  },
  "TUR": {
    "name": "Turkey",
    "capital": "Ankara",
    "lat": 39.9334,
    "lon": 32.8597
  },
  "TKM": {
    "name": "Turkmenistan",
    "capital": "Ashgabat",
    "lat": 37.9601,
    "lon": 58.3261
  },
  "TCA": {
    "name": "Turks and Caicos Islands",
    "capital": "Cockburn Town",
    "lat": 21.4611,
    "lon": -71.1419
  },
  "TUV": {
    "name": "Tuvalu",
    "capital": "Funafuti",
    "lat": -8.5167,
    "lon": 179.2167
  },
  "UGA": {
    "name": "Uganda",
    "capital": "Kampala",
    "lat": 0.3154,
    "lon": 32.5825
  },
  "UKR": {
    "name": "Ukraine",
    "capital": "Kyiv",
    "lat": 50.4501,
    "lon": 30.5234
  },
  "ARE": {
    "name": "United Arab Emirates",
    "capital": "Abu Dhabi",
    "lat": 24.4539,
    "lon": 54.3773
  },
  "GBR": {
    "name": "United Kingdom",
    "capital": "London",
    "lat": 51.5074,
    "lon": -0.1278
  },
  "USA": {
    "name": "United States",
    "capital": "Washington, D.C.",
    "lat": 38.9072,
    "lon": -77.0369
  },
  "UMI": {
    "name": "United States Minor Outlying Islands",
    "capital": "",
    "lat": 0.0000,
    "lon": 0.0000
  },
  "URY": {
    "name": "Uruguay",
    "capital": "Montevideo",
    "lat": -34.9011,
    "lon": -56.1645
  },
  "UZB": {
    "name": "Uzbekistan",
    "capital": "Tashkent",
    "lat": 41.2995,
    "lon": 69.2401
  },
  "VUT": {
    "name": "Vanuatu",
    "capital": "Port Vila",
    "lat": -17.7333,
    "lon": 168.3272
  },
  "VEN": {
    "name": "Venezuela",
    "capital": "Caracas",
    "lat": 10.4806,
    "lon": -66.9036
  },
  "VNM": {
    "name": "Vietnam",
    "capital": "Hanoi",
    "lat": 21.0285,
    "lon": 105.8542
  },
  "VGB": {
    "name": "British Virgin Islands",
    "capital": "Road Town",
    "lat": 18.4207,
    "lon": -64.6175
  },
  "VIR": {
    "name": "U.S. Virgin Islands",
    "capital": "Charlotte Amalie",
    "lat": 18.3430,
    "lon": -64.9312
  },
  "WLF": {
    "name": "Wallis and Futuna",
    "capital": "Mata-Utu",
    "lat": -13.3500,
    "lon": -176.1833
  },
  "ESH": {
    "name": "Western Sahara",
    "capital": "Laayoune",
    "lat": 27.1500,
    "lon": -13.2000
  },
  "YEM": {
    "name": "Yemen",
    "capital": "Sana'a",
    "lat": 15.3694,
    "lon": 44.1910
  },
  "ZMB": {
    "name": "Zambia",
    "capital": "Lusaka",
    "lat": -15.3875,
    "lon": 28.3228
  },
  "ZWE": {
    "name": "Zimbabwe",
    "capital": "Harare",
    "lat": -17.8252,
    "lon": 31.0335
  }
}